"VS_NAZOV","FAKULTA_NAZOV","pocty_zamestnancov","publikacna_excelentnost","sum_granty","rezidua_granty","rezidua_publ"
"Univerzita Komenského v Bratislave","Právnická fakulta UK",137,145.75,205530,-287599.270624169,-45.1550833496463
"Univerzita Komenského v Bratislave","Pedagogická fakulta UK",131,60.25,0,-471532.368261067,-122.294276779589
"Univerzita Komenského v Bratislave","Filozofická fakulta UK",71,72.5,415638,160074.655369956,-26.4362110790142
"Univerzita Komenského v Bratislave","Fakulta managementu UK",74,202.5,316548,50186.204188405,99.3833856359571
"Univerzita Komenského v Bratislave","Prírodovedecká fakulta UK",24,20.75,0,-86387.6094524092,-12.6932262802301
"Univerzita Komenského v Bratislave","Fakulta matematiky, fyziky a informatiky UK",8,6.25,0,-28795.8698174697,-4.89774209341004
"Univerzita Komenského v Bratislave","Lekárska fakulta UK",6,0,0,-21596.9023631023,-8.36080657005753
"Univerzita Komenského v Bratislave","Fakulta telesnej výchovy a športu UK",59,140.5,51884,-160485.539903839,58.2854020611009
"Univerzita Komenského v Bratislave","Fakulta sociálnych a ekonomických vied UK",48,155,192448,19672.7810951816,88.1135474395397
"Univerzita Komenského v Bratislave","Farmaceutická fakulta UK",6,0,0,-21596.9023631023,-8.36080657005753
"Slovenská technická univerzita v Bratislave","Ústav manažmentu STU",19,0,544559,476168.809183509,-26.4758874718488
"Slovenská technická univerzita v Bratislave","Stavebná fakulta STU v Bratislave",6,8.5,0,-21596.9023631023,0.139193429942466
"Slovenská technická univerzita v Bratislave","Fakulta elektrotechniky a informatiky",7,0,0,-25196.386090286,-9.75427433173379
"Slovenská technická univerzita v Bratislave","Fakulta chemickej a potravinárskej technológie",5,0,0,-17997.4186359186,-6.96733880838128
"Ekonomická univerzita v Bratislave","Podnikovohospodárska fakulta v Košiciach",35,49.5,34617,-91364.93045143,0.72862834133106
"Ekonomická univerzita v Bratislave","Fakulta podnikového manažmentu",75,100.75,758006,488044.720461221,-3.76008212571918
"Ekonomická univerzita v Bratislave","Obchodná fakulta",65,88.25,126351,-107615.442266941,-2.32540450895655
"Ekonomická univerzita v Bratislave","Národohospodárska fakulta",92,120.75,115360,-215792.502900902,-7.4490340742156
"Ekonomická univerzita v Bratislave","Fakulta hospodárskej informatiky",59,48.5,0,-212369.539903839,-33.7145979388991
"Ekonomická univerzita v Bratislave","Fakulta medzinárodných vzťahov",26,48.75,0,-93586.5769067766,12.5198381964174
"Slovenská poľnohospodárska univerzita v Nitre","Fakulta ekonomiky a manažmentu",90,124.25,522588,198634.464553465,-1.16209855086305
"Slovenská poľnohospodárska univerzita v Nitre","Fakulta európskych štúdií a regionálneho rozvoja",29,19.75,987089,882703.971911672,-20.6605650886114
"Technická univerzita vo Zvolene","Drevárska fakulta",32,124.25,0,-115183.479269879,79.6590316263598
"Univerzita veterinárskeho lekárstva a farmácie v Košiciach","Predklinické pracoviská",9,0,0,-32395.3535446535,-12.5412098550863
"Technická univerzita v Košiciach","Fakulta baníctva, ekológie, riadenia a geotechnológií",23,73.75,0,-82788.1257252255,41.7002414814461
"Technická univerzita v Košiciach","Ekonomická fakulta",63,151,3232930,3006162.52518743,63.2115310143959
"Technická univerzita v Košiciach","Ústav jazykov, spoločenských vied a akademického športu",18,0,0,-64790.707089307,-25.0824197101726
"Žilinská univerzita v Žiline","Fakulta riadenia a informatiky",22,38,0,-79188.6419980418,7.34370924312237
"Žilinská univerzita v Žiline","Fakulta bezpečnostného inžinierstva",44,72.25,55006,-103371.283996084,10.9374184862448
"Žilinská univerzita v Žiline","Fakulta humanitných vied",13,24.5,0,-46793.2884533883,6.38491909820868
"Žilinská univerzita v Žiline","Fakulta prevádzky a ekonomiky dopravy a spojov",41,210.75,44660,-102918.832814533,153.617821771274
"Žilinská univerzita v Žiline","Celouniverzitné pracoviská ŽU ",12,0,0,-43193.8047262046,-16.7216131401151
"Univerzita Pavla Jozefa Šafárika v Košiciach","Filozofická fakulta",34,69,114935,-7447.44672424653,21.6220961030073
"Univerzita Pavla Jozefa Šafárika v Košiciach","Právnická fakulta",52,26.75,0,-187173.153813553,-45.7103236071653
"Univerzita Pavla Jozefa Šafárika v Košiciach","Fakulta verejnej správy",31,24.5,0,-111583.995542695,-18.6975006119639
"Univerzita Pavla Jozefa Šafárika v Košiciach","Celouniverzitné pracovisko UPJŠ",11,26.5,0,-39594.3209990209,11.1718546215612
"Trnavská univerzita v Trnave","Filozofická fakulta",25,65.25,58033,-31954.093179593,30.4133059580936
"Trnavská univerzita v Trnave","Právnická fakulta",47,27.5,0,-169175.735177635,-37.992984798784
"Trnavská univerzita v Trnave","Pedagogická fakulta",91,58.5,1051789,724235.980826282,-68.3055663125393
"Trnavská univerzita v Trnave","Fakulta zdravotníctva a sociálnej práce",14,24,0,-50392.7721805721,4.49145133653242
"Univerzita Mateja Bela v Banskej Bystrici","Filozofická fakulta",25,92.25,28496,-61491.093179593,57.4133059580936
"Univerzita Mateja Bela v Banskej Bystrici","Právnická fakulta",39,41,0,-140379.865360165,-13.3452427053739
"Univerzita Mateja Bela v Banskej Bystrici","Pedagogická fakulta",50,57.75,8400,-171574.186359186,-11.9233880838127
"Univerzita Mateja Bela v Banskej Bystrici","Fakulta politických vied a medzinárodných vzťahov",37,40,0,-133180.897905797,-11.5583071820214
"Univerzita Mateja Bela v Banskej Bystrici","Fakulta prírodných vied",15,7,0,-53992.2559077558,-13.9020164251438
"Univerzita Mateja Bela v Banskej Bystrici","Ekonomická fakulta",96,181.5,309544,-36006.4378096369,47.7270948790795
"Univerzita Konštantína Filozofa v Nitre","Fakulta sociálnych vied a zdravotníctva",27,45.25,5430,-91756.0606339604,7.62637043474111
"Univerzita Konštantína Filozofa v Nitre","Pedagogická fakulta UKF",82,130,11248,-283909.665629065,15.7356435425471
"Univerzita Konštantína Filozofa v Nitre","Filozofická fakulta",22,56.5,0,-79188.6419980418,25.8437092431224
"Univerzita Konštantína Filozofa v Nitre","Fakulta prírodných vied",37,0,101160,-32020.8979057975,-51.5583071820215
"Univerzita Konštantína Filozofa v Nitre","Fakulta stredoeurópskych štúdií",23,48.75,5634,-77154.1257252255,16.7002414814461
"Prešovská univerzita v Prešove","Fakulta humanitných a prírodných vied",26,39,0,-93586.5769067766,2.76983819641735
"Prešovská univerzita v Prešove","Fakulta manažmentu",67,0,81864,-159301.409721309,-93.362340032309
"Prešovská univerzita v Prešove","Fakulta športu",24,53.5,559988,473600.390547591,20.0567737197699
"Prešovská univerzita v Prešove","Filozofická fakulta",75,84,0,-269961.279538779,-20.5100821257192
"Prešovská univerzita v Prešove","Pedagogická fakulta",57,42.25,52206,-152964.572449472,-37.1776624155465
"Prešovská univerzita v Prešove","Pravoslávna bohoslovecká fakulta",7,13.25,0,-25196.386090286,3.49572566826621
"Prešovská univerzita v Prešove","Centrum celoživotného a kompetenčného vzdelávania",10,0,0,-35994.8372718372,-13.9346776167626
"Trenčianska univerzita Alexandra Dubčeka v Trenčíne","Fakulta sociálno-ekonomických vzťahov",26,94.5,0,-93586.5769067766,58.2698381964174
"Trenčianska univerzita Alexandra Dubčeka v Trenčíne","Celouniverzitné pracovisko - Katedra politológie",7,0,0,-25196.386090286,-9.75427433173379
"Univerzita sv. Cyrila a Metoda v Trnave","Filozofická fakulta",16,42.75,0,-57591.7396349395,20.4545158131799
"Univerzita sv. Cyrila a Metoda v Trnave","Fakulta sociálnych  vied",39,43.5,0,-140379.865360165,-10.8452427053739
"Univerzita sv. Cyrila a Metoda v Trnave","Fakulta masmediálnej komunikácie",85,0,318814,12857.8831893839,-118.444759742482
"Univerzita sv. Cyrila a Metoda v Trnave","Fakulta zdravotníckych vied",5,4.75,0,-17997.4186359186,-2.21733880838128
"Univerzita sv. Cyrila a Metoda v Trnave","Inštitút manažmentu",10,11.75,0,-35994.8372718372,-2.18467761676256
"Katolícka univerzita v Ružomberku","Pedagogická fakulta",76,68,0,-273560.763265963,-37.9035498873955
"Katolícka univerzita v Ružomberku","Teologická fakulta",19,11.5,48600,-19790.1908164906,-14.9758874718488
"Katolícka univerzita v Ružomberku","Filozofická fakulta",37,10,26806,-106374.897905797,-41.5583071820215
"Univerzita J. Selyeho","Pedagogická fakulta",53,34.5,572392,381619.362459263,-39.3537913688415
"Univerzita J. Selyeho","Fakulta ekonómie a informatiky",18,71.5,0,-64790.707089307,46.4175802898274
